{
	"shipping_fee" : 50,
	"location" : "15.2832187,73.98619099999999",
	"radius" : 50000
}